{"indexes":[{"v":{"$numberInt":"2"},"key":{"_id":{"$numberInt":"1"}},"name":"_id_"},{"v":{"$numberInt":"2"},"key":{"_fts":"text","_ftsx":{"$numberInt":"1"}},"name":"data.question.text_text","weights":{"data.question.text":{"$numberInt":"1"}},"default_language":"english","language_override":"language","textIndexVersion":{"$numberInt":"3"}},{"v":{"$numberInt":"2"},"key":{"data.question.id":{"$numberInt":"-1"}},"name":"data.question.id_-1"},{"v":{"$numberInt":"2"},"key":{"data.question.answers.id":{"$numberInt":"-1"}},"name":"data.question.answers.id_-1"}],"uuid":"879d76a843cd4292a580c5d5b5ba78f1","collectionName":"normal_questions","type":"collection"}